Emp_ID,Attrition,Age,DistanceFromHome,JobInvolvement,JobLevel,JobSatisfaction,MonthlyIncome,NumCompaniesWorked,PercentSalaryHike,PerformanceRating,StockOptionLevel,TotalWorkingYears,TrainingTimesLastYear,YearsAtCompany,YearsSinceLastPromotion,YearsWithCurrManager,Leaves,Absenteeism,BusinessTravel_Travel_Frequently,BusinessTravel_Travel_Rarely,Department_Research & Development,Department_Sales,Gender_Male,JobRole_Human Resources,JobRole_Laboratory Technician,JobRole_Manager,JobRole_Manufacturing Director,JobRole_Research Director,JobRole_Research Scientist,JobRole_Sales Executive,JobRole_Sales Representative,MaritalStatus_Married,MaritalStatus_Single,OverTime_Yes,Higher_Education_Graduation,Higher_Education_PHD,Higher_Education_Post-Graduation,Mode_of_work_WFH,Work_accident_Yes,Source_of_Hire_Job Portal,Source_of_Hire_Recruiter,Source_of_Hire_Walk-in,Job_mode_FullTime,Job_mode_Part Time
EMP001,Yes,37,2,2,1,3,2090,6,15,3,0,7,3,0,0,0,4,2,False,True,True,False,True,False,True,False,False,False,False,False,False,False,True,True,True,False,False,False,False,False,False,False,False,False
EMP002,No,21,15,3,1,4,1232,1,14,3,0,0,6,0,0,0,5,2,False,True,True,False,True,False,False,False,False,False,True,False,False,False,True,False,True,False,False,True,False,False,True,False,False,True
EMP003,No,45,6,3,3,1,13245,4,14,3,0,17,3,0,0,0,1,3,False,True,True,False,True,False,False,False,False,True,False,False,False,True,False,True,False,False,True,True,False,False,False,False,False,False
EMP004,No,23,2,3,1,1,2322,3,13,3,1,3,3,0,0,0,1,0,False,True,False,True,True,False,False,False,False,False,False,False,True,False,False,False,False,True,False,False,True,False,True,False,True,False
EMP005,No,22,15,3,1,4,2871,1,15,3,0,1,5,0,0,0,5,2,False,True,True,False,False,False,True,False,False,False,False,False,False,False,True,False,False,True,False,True,False,False,False,False,False,False
EMP006,Yes,19,22,3,1,3,1675,1,19,3,0,0,2,0,0,0,1,1,False,True,False,True,True,False,False,False,False,False,False,False,True,False,True,True,False,True,False,True,True,True,False,False,False,True
EMP007,Yes,19,1,1,1,1,2325,0,21,4,0,1,5,0,0,0,2,2,True,False,False,True,False,False,False,False,False,False,False,False,True,False,True,False,False,True,False,True,False,False,False,True,False,False
EMP008,Yes,28,2,3,1,3,3485,2,11,3,0,5,5,0,0,0,0,2,False,True,True,False,True,False,True,False,False,False,False,False,False,False,True,False,False,False,True,True,False,False,False,True,False,False
EMP009,No,29,2,2,2,2,6644,2,19,3,2,10,2,0,0,0,5,2,False,True,False,True,True,False,False,False,False,False,False,True,False,True,False,False,True,False,False,False,False,False,False,True,False,True
EMP010,Yes,18,3,3,1,3,1420,1,13,3,0,0,2,0,0,0,5,2,False,True,True,False,True,False,True,False,False,False,False,False,False,False,True,False,False,True,False,True,False,False,False,True,True,False
EMP011,No,18,10,2,1,3,1200,1,12,3,0,0,2,0,0,0,1,2,False,True,False,True,False,False,False,False,False,False,False,False,True,False,True,False,False,False,False,True,True,True,False,False,True,False
EMP012,No,47,4,3,2,3,2976,3,19,3,0,5,3,0,0,0,5,0,True,False,False,True,True,False,False,False,False,False,False,False,True,False,True,False,False,False,False,True,True,False,False,True,True,False
EMP013,No,48,29,3,3,3,12504,3,21,4,1,15,3,0,0,0,1,2,False,True,False,True,False,False,False,True,False,False,False,False,False,True,False,False,False,True,False,True,True,False,False,False,False,True
EMP014,Yes,18,5,3,1,2,1878,1,14,3,0,0,3,0,0,0,3,2,True,False,False,True,True,False,False,False,False,False,False,False,True,False,True,True,False,False,True,True,False,True,False,False,True,False
EMP015,No,26,29,3,2,3,4306,5,12,3,2,8,5,0,0,0,0,3,False,True,False,True,True,False,False,False,False,False,False,True,False,False,False,False,True,False,False,True,True,False,False,False,False,True
EMP016,No,38,1,3,1,1,2619,3,17,3,0,8,3,0,0,0,2,3,False,True,True,False,False,False,False,False,False,False,True,False,False,False,True,False,True,False,False,True,False,False,False,True,True,False
EMP017,No,34,8,3,2,1,5121,3,14,3,1,7,3,0,0,0,3,0,False,True,True,False,False,False,False,False,True,False,False,False,False,False,False,False,False,False,False,True,False,True,False,False,False,True
EMP018,Yes,23,6,4,1,1,1601,1,21,4,2,1,2,0,0,0,2,1,False,True,True,False,True,False,True,False,False,False,False,False,False,True,False,True,True,False,False,False,True,False,False,False,False,True
EMP019,No,30,2,2,2,4,6877,5,24,4,0,12,4,0,0,0,3,3,False,True,True,False,False,False,False,False,True,False,False,False,False,False,True,True,True,False,False,True,True,False,False,False,False,True
EMP020,No,27,3,3,1,4,1706,1,11,3,3,0,6,0,0,0,3,2,False,False,True,False,True,False,False,False,False,False,True,False,False,True,False,False,True,False,False,False,False,True,False,False,False,False
EMP021,No,48,20,3,1,3,2259,4,17,3,2,13,2,0,0,0,0,2,False,True,True,False,True,False,False,False,False,False,True,False,False,True,False,False,False,False,True,True,True,False,False,True,True,False
EMP022,Yes,29,10,2,1,1,2404,6,20,4,0,3,5,0,0,0,1,0,False,True,True,False,False,False,False,False,False,False,True,False,False,False,True,True,False,False,False,True,False,True,False,False,True,False
EMP023,No,18,5,3,1,4,1051,1,15,3,0,0,2,0,0,0,3,0,False,False,True,False,True,False,False,False,False,False,True,False,False,False,True,False,False,False,True,True,False,True,False,False,True,False
EMP024,Yes,50,1,3,2,3,4728,3,14,3,0,5,4,0,0,0,1,3,True,False,False,True,True,False,False,False,False,False,False,True,False,False,True,True,True,False,False,False,False,False,True,False,False,True
EMP025,No,34,3,2,1,4,2979,3,17,3,3,6,2,0,0,0,0,2,False,False,True,False,True,False,False,False,False,False,True,False,False,True,False,False,False,False,False,True,False,False,True,False,False,False
EMP026,Yes,18,8,3,1,3,1904,1,12,3,0,0,0,0,0,0,5,3,False,False,True,False,True,False,True,False,False,False,False,False,False,False,True,False,False,True,False,False,False,False,True,False,True,False
EMP027,Yes,22,3,2,1,4,2853,0,11,3,1,1,5,0,0,0,5,1,True,False,True,False,True,False,False,False,False,False,True,False,False,True,False,True,False,False,False,True,False,False,False,True,True,False
EMP028,No,44,17,1,1,3,2290,2,13,3,0,6,3,0,0,0,1,3,False,False,True,False,True,False,False,False,False,False,True,False,False,False,True,False,False,True,False,True,False,False,True,False,False,False
EMP029,No,40,2,3,2,2,4327,5,12,3,3,5,2,0,0,0,2,3,True,False,False,True,True,False,False,False,False,False,False,True,False,True,False,False,False,False,True,True,True,False,False,True,True,False
EMP030,No,45,25,3,5,2,18061,3,22,4,0,22,4,0,0,0,4,3,True,False,True,False,False,False,False,True,False,False,False,False,False,False,True,False,False,False,False,False,True,True,False,False,False,False
EMP031,No,18,1,3,1,4,1611,1,15,3,0,0,5,0,0,0,1,3,False,False,True,False,False,False,True,False,False,False,False,False,False,False,True,False,False,False,False,True,True,False,False,False,False,True
EMP032,Yes,24,9,3,1,1,3172,2,11,3,0,4,2,0,0,0,5,2,True,False,True,False,True,False,True,False,False,False,False,False,False,False,True,True,True,False,False,False,True,False,False,False,False,True
EMP033,Yes,28,2,2,1,1,2561,7,11,3,0,8,2,0,0,0,5,0,True,False,True,False,True,False,True,False,False,False,False,False,False,False,True,False,False,False,False,True,False,False,False,False,True,False
EMP034,No,33,8,3,2,3,6388,2,17,3,0,14,6,0,0,0,3,3,False,True,True,False,True,False,False,False,False,False,False,False,False,False,True,True,True,False,False,False,False,True,False,False,True,False
EMP035,Yes,18,3,3,1,4,1569,1,12,3,0,0,2,0,0,0,0,1,True,False,False,True,False,False,False,False,False,False,False,False,True,False,True,True,False,False,False,False,False,False,True,False,False,True
EMP036,No,38,4,3,1,3,3306,7,19,3,1,7,5,0,0,0,2,3,False,True,True,False,False,False,True,False,False,False,False,False,False,True,False,False,False,False,True,False,True,False,False,True,True,False
EMP037,Yes,32,1,1,2,2,6735,6,15,3,0,10,2,0,0,0,1,1,False,True,False,True,True,False,False,False,False,False,False,True,False,False,True,False,False,True,False,True,True,False,True,False,True,False
EMP038,Yes,33,16,3,3,1,8564,2,20,4,0,11,2,0,0,0,5,1,False,True,False,True,False,False,False,False,False,False,False,True,False,False,True,True,False,False,True,False,False,False,True,False,False,False
EMP039,No,42,13,4,2,1,5538,5,18,3,2,10,2,0,0,0,3,0,False,True,True,False,True,False,False,False,False,False,False,False,False,True,False,False,False,False,True,True,True,False,False,False,False,False
EMP040,No,18,14,3,1,3,1514,1,16,3,0,0,4,0,0,0,4,3,False,False,True,False,False,False,False,False,False,False,True,False,False,False,True,False,True,False,False,True,False,False,False,True,False,False
EMP041,No,32,10,3,2,4,4648,8,13,3,0,4,2,0,0,0,3,3,True,False,False,True,True,False,False,False,False,False,False,True,False,False,True,False,False,False,True,False,True,False,False,True,False,False
EMP042,No,42,8,3,1,3,3968,4,13,3,0,8,3,0,0,0,5,1,False,True,True,False,True,False,True,False,False,False,False,False,False,False,True,False,True,False,False,False,False,True,False,False,True,False
EMP043,No,56,11,2,2,1,5380,4,16,3,1,6,3,0,0,0,5,0,False,True,False,True,False,False,False,False,False,False,False,True,False,True,False,False,False,True,False,False,True,False,True,False,False,False
EMP044,No,42,12,3,2,4,5087,3,12,3,2,14,4,0,0,0,1,2,False,True,False,True,True,False,False,False,False,False,False,True,False,False,False,True,False,True,False,False,False,False,True,False,False,True
EMP045,No,59,3,4,1,1,2670,4,20,4,3,12,3,1,0,0,2,1,False,True,True,False,False,False,True,False,False,False,False,False,False,True,False,True,False,False,True,False,True,False,False,False,False,False
EMP046,No,30,24,3,1,3,2693,1,22,4,1,1,2,1,0,0,2,3,False,True,True,False,True,False,True,False,False,False,False,False,False,False,False,False,True,False,False,True,False,False,False,True,False,True
EMP047,No,22,16,4,1,4,2935,1,13,3,2,1,2,1,0,0,0,0,False,False,True,False,True,False,True,False,False,False,False,False,False,False,False,True,False,True,False,False,True,False,False,True,False,False
EMP048,No,33,2,3,1,4,2496,4,11,3,0,7,3,1,0,0,1,0,False,True,True,False,True,False,True,False,False,False,False,False,False,False,True,False,False,True,False,False,True,False,False,False,False,False
EMP049,Yes,39,5,3,2,4,2086,3,14,3,1,19,6,1,0,0,5,0,False,True,False,True,True,False,False,False,False,False,False,False,True,True,False,False,False,False,True,False,False,False,True,False,False,False
EMP050,No,36,5,2,1,1,3419,9,14,3,1,6,3,1,0,0,4,2,False,True,True,False,False,False,False,False,False,False,True,False,False,True,False,True,True,False,False,False,False,False,True,False,False,True
EMP051,No,35,4,3,1,4,1951,1,12,3,1,1,3,1,0,0,0,3,False,True,True,False,True,False,True,False,False,False,False,False,False,False,False,False,True,False,False,True,False,True,False,False,True,False
EMP052,No,27,2,3,1,1,2341,1,13,3,1,1,6,1,0,0,5,0,False,True,True,False,False,False,True,False,False,False,False,False,False,False,False,False,False,False,False,False,False,False,False,False,False,True
EMP053,Yes,26,25,1,1,3,2293,1,12,3,0,1,2,1,0,1,4,3,False,True,True,False,True,False,True,False,False,False,False,False,False,False,True,False,False,False,True,True,False,True,False,False,False,True
EMP054,No,37,19,3,1,2,3022,4,21,4,0,8,1,1,0,0,5,1,False,True,True,False,True,False,False,False,False,False,True,False,False,True,False,False,False,True,False,True,False,False,False,False,False,True
EMP055,No,35,8,4,1,4,2269,1,19,3,0,1,2,1,0,1,2,2,False,True,True,False,True,False,True,False,False,False,False,False,False,True,False,False,False,True,False,False,True,False,False,True,True,False
EMP056,Yes,48,1,2,3,3,5381,9,13,3,0,23,2,1,0,0,4,2,False,True,True,False,True,False,True,False,False,False,False,False,False,False,True,True,True,False,False,False,False,False,True,False,False,False
EMP057,No,45,7,3,3,1,9724,2,17,3,1,25,2,1,0,0,5,0,False,True,True,False,True,False,False,False,False,False,True,False,False,False,False,False,True,False,False,False,False,True,False,False,False,True
EMP058,Yes,36,9,2,1,3,3388,0,17,3,1,2,0,1,0,0,4,3,False,True,True,False,True,False,False,False,False,False,True,False,False,True,False,True,False,False,True,True,True,False,False,False,True,False
EMP059,No,31,1,3,1,2,2501,1,17,3,0,1,4,1,1,0,0,3,False,True,True,False,True,False,False,False,False,False,True,False,False,False,True,False,True,False,False,True,False,False,True,False,False,False
EMP060,No,36,6,4,1,4,3038,3,12,3,0,5,3,1,0,0,3,1,False,True,True,False,False,False,True,False,False,False,False,False,False,True,False,False,False,False,False,False,True,False,False,True,False,False
EMP061,No,55,1,3,3,4,10239,3,14,3,1,24,4,1,1,0,0,2,False,True,False,True,True,False,False,False,False,False,False,True,False,True,False,False,False,True,False,True,False,True,False,False,True,False
EMP062,No,32,1,3,1,1,2956,1,13,3,0,1,2,1,0,0,4,1,False,True,True,False,True,False,False,False,False,False,True,False,False,False,True,False,False,False,False,True,True,True,False,False,True,False
EMP063,Yes,20,6,2,1,4,2926,1,18,3,0,1,5,1,1,0,3,3,True,False,True,False,False,False,True,False,False,False,False,False,False,False,True,True,True,False,False,True,False,False,True,False,False,False
EMP064,No,37,2,2,2,4,5163,5,14,3,1,17,2,1,0,0,3,0,False,False,True,False,True,False,False,False,False,False,False,False,False,False,False,False,False,False,False,True,False,False,True,False,False,False
EMP065,No,34,6,2,2,2,4505,6,15,3,1,12,3,1,0,0,5,2,False,True,True,False,False,False,False,False,False,False,True,False,False,False,False,False,False,False,False,True,True,True,False,False,False,False
EMP066,No,36,3,3,1,4,2835,5,22,4,1,7,2,1,0,0,5,2,False,True,True,False,False,False,True,False,False,False,False,False,False,False,False,False,True,False,False,False,False,False,False,False,True,False
EMP067,No,19,3,3,1,2,1483,1,14,3,0,1,3,1,0,0,0,0,False,True,True,False,False,False,True,False,False,False,False,False,False,False,True,False,False,False,False,False,False,False,False,False,True,False
EMP068,No,51,7,2,2,3,6132,2,17,3,0,10,2,1,0,0,1,1,False,True,True,False,True,False,False,False,True,False,False,False,False,True,False,False,False,False,True,True,True,False,False,False,False,False
EMP069,No,58,9,2,1,2,3346,4,20,4,1,9,3,1,0,0,3,0,False,True,True,False,False,False,False,False,False,False,True,False,False,True,False,True,True,False,False,True,False,False,False,False,False,False
EMP070,No,27,3,2,1,3,2566,1,15,3,1,1,2,1,0,1,5,1,False,False,True,False,True,False,False,False,False,False,True,False,False,False,False,True,False,False,True,True,True,False,False,False,False,False
EMP071,Yes,19,2,2,1,4,1102,1,22,4,0,1,3,1,1,0,0,1,False,True,True,False,True,False,True,False,False,False,False,False,False,False,True,False,False,False,True,False,False,True,False,False,False,False
EMP072,Yes,35,23,2,2,3,5916,3,13,3,0,8,1,1,0,1,0,0,False,True,True,False,True,False,False,False,True,False,False,False,False,True,False,True,False,True,False,True,True,False,True,False,True,False
EMP073,No,38,2,3,2,3,6553,9,14,3,0,14,3,1,0,0,3,2,False,True,True,False,True,False,False,False,True,False,False,False,False,True,False,False,False,False,True,False,True,False,False,False,True,False
EMP074,Yes,38,29,3,2,1,6673,7,19,3,0,17,2,1,0,0,3,2,False,True,True,False,True,False,False,False,False,False,False,False,False,True,False,True,False,False,True,False,False,False,True,False,False,True
EMP075,No,41,6,3,3,4,13591,3,18,3,0,16,3,1,0,0,5,1,False,True,False,True,False,False,False,True,False,False,False,False,False,False,True,True,False,True,False,True,True,False,False,True,False,True
EMP076,No,59,3,2,1,4,2177,3,17,3,1,7,6,1,0,0,4,1,False,True,True,False,True,False,False,False,False,False,True,False,False,True,False,False,False,True,False,False,True,False,True,False,False,False
EMP077,No,41,19,3,2,1,3072,2,16,3,2,17,2,1,0,0,0,1,False,True,True,False,True,False,False,False,False,False,True,False,False,False,False,False,True,False,False,True,True,False,False,False,False,True
EMP078,Yes,37,10,3,3,3,10048,6,11,3,2,17,5,1,0,0,0,1,True,False,True,False,True,False,False,False,True,False,False,False,False,False,False,False,True,False,False,True,True,False,True,False,False,True
EMP079,No,51,1,3,1,4,2723,1,11,3,0,1,0,1,0,0,2,1,False,True,True,False,True,False,False,False,False,False,True,False,False,True,False,False,False,False,False,True,True,False,True,False,False,True
EMP080,Yes,44,24,3,1,3,3161,3,22,4,1,19,0,1,0,0,0,2,True,False,True,False,True,False,True,False,False,False,False,False,False,False,False,True,False,False,True,False,False,False,True,False,False,False
EMP081,No,36,18,4,1,4,3688,4,18,3,2,4,2,1,0,0,4,0,True,False,True,False,True,False,True,False,False,False,False,False,False,True,False,False,False,False,False,False,False,False,True,False,True,False
EMP082,Yes,39,3,3,2,3,5238,4,18,3,0,12,3,1,0,0,0,1,False,True,False,True,False,False,False,False,False,False,False,True,False,True,False,True,False,True,False,False,True,False,False,False,True,False
EMP083,No,43,7,3,3,1,9985,8,16,3,1,10,1,1,0,0,1,3,False,True,True,False,False,False,False,False,False,False,False,False,False,True,False,False,True,False,False,True,False,False,True,False,True,False
EMP084,No,42,23,3,4,4,15992,2,14,3,0,16,2,1,0,0,1,0,False,True,True,False,False,False,False,False,False,True,False,False,False,False,True,False,True,False,False,True,False,False,False,False,True,False
EMP085,No,42,2,2,2,4,6781,3,23,4,0,14,6,1,0,0,3,0,False,True,True,False,True,False,False,False,False,False,False,False,False,False,True,False,False,False,False,True,True,False,False,False,False,False
EMP086,No,36,1,3,2,4,6653,4,15,3,0,7,6,1,0,0,3,0,False,False,False,True,False,False,False,False,False,False,False,True,False,False,True,False,False,False,True,True,False,False,True,False,False,False
EMP087,Yes,33,5,3,1,3,2851,1,13,3,0,1,2,1,0,0,0,1,False,True,False,True,False,False,False,False,False,False,False,False,True,False,True,True,False,True,False,False,False,False,True,False,False,False
EMP088,No,46,7,3,2,3,5258,2,14,3,0,7,2,1,0,0,1,3,False,False,True,False,False,False,False,False,True,False,False,False,False,True,False,False,True,False,False,True,False,False,False,True,False,False
EMP089,Yes,21,12,4,1,2,2716,1,15,3,0,1,0,1,0,0,1,1,False,True,False,True,False,False,False,False,False,False,False,False,True,False,True,False,False,False,False,True,True,False,True,False,False,True
EMP090,No,35,9,2,2,2,6540,9,19,3,0,10,5,1,0,0,1,2,False,True,True,False,True,False,False,False,False,False,False,False,False,False,True,False,False,False,True,False,False,False,False,False,True,False
EMP091,No,30,2,3,1,2,2476,1,18,3,1,1,3,1,0,0,4,2,False,True,False,True,True,False,False,False,False,False,False,False,True,True,False,False,False,True,False,True,False,False,False,False,True,False
EMP092,Yes,30,4,3,1,4,2285,9,23,4,0,3,4,1,0,0,4,1,True,False,True,False,True,False,False,False,False,False,True,False,False,False,True,True,False,False,False,True,True,False,False,False,True,False
EMP093,No,37,10,3,2,2,4197,2,12,3,0,18,2,1,0,1,3,3,False,True,True,False,True,False,False,False,True,False,False,False,False,False,True,True,True,False,False,False,False,False,False,False,True,False
EMP094,No,40,2,2,2,3,3448,6,22,4,1,20,3,1,0,0,5,1,False,True,True,False,False,False,True,False,False,False,False,False,False,True,False,False,True,False,False,True,False,False,True,False,False,False
EMP095,No,38,2,3,1,4,1702,1,23,4,1,1,3,1,0,0,5,2,True,False,True,False,True,False,True,False,False,False,False,False,False,True,False,True,False,False,False,True,False,False,True,False,True,False
EMP096,Yes,19,2,2,1,4,2564,1,12,3,0,1,3,1,0,0,0,0,False,True,False,False,True,True,False,False,False,False,False,False,False,False,True,False,False,False,True,True,True,False,False,True,True,False
EMP097,No,57,29,2,4,4,14118,3,12,3,1,32,3,1,0,0,2,3,False,True,False,True,True,False,False,True,False,False,False,False,False,False,False,False,False,False,True,True,False,False,False,True,False,False
EMP098,No,54,8,3,2,3,3780,7,11,3,0,19,3,1,0,0,0,3,False,True,True,False,False,False,True,False,False,False,False,False,False,False,True,False,True,False,False,True,False,False,False,False,True,False
EMP099,Yes,31,20,3,3,3,9824,3,12,3,0,12,2,1,0,0,4,0,True,False,True,False,True,False,False,False,False,False,False,False,False,True,False,False,True,False,False,True,True,True,False,False,True,False
EMP100,No,40,28,1,3,1,10932,3,15,3,1,20,2,1,0,1,3,3,False,False,False,True,True,False,False,False,False,False,False,True,False,False,False,False,False,True,False,True,False,False,False,True,True,False
EMP101,Yes,26,24,1,1,4,2340,1,18,3,0,1,3,1,0,0,2,2,False,True,True,False,True,False,True,False,False,False,False,False,False,False,True,True,False,False,False,True,False,True,False,False,False,False
EMP102,No,38,10,3,2,3,9824,3,19,3,1,18,4,1,0,0,0,3,False,True,True,False,False,False,False,False,False,False,False,False,False,True,False,False,False,False,False,True,False,False,False,True,False,False
EMP103,No,24,17,2,1,2,2127,1,21,4,1,1,2,1,0,0,5,3,False,True,True,False,True,False,True,False,False,False,False,False,False,True,False,False,False,True,False,False,True,True,False,False,True,False
EMP104,Yes,30,12,2,1,1,2033,1,18,3,1,1,2,1,0,0,4,3,True,False,False,True,True,False,False,False,False,False,False,False,True,True,False,False,True,False,False,True,True,False,False,False,False,False
EMP105,No,20,1,2,1,2,2836,1,13,3,0,1,0,1,0,0,0,2,False,True,True,False,False,False,False,False,False,False,True,False,False,False,True,False,False,False,False,True,False,True,False,False,False,True
EMP106,No,43,6,2,4,4,16627,4,14,3,1,21,3,1,0,0,4,3,False,True,True,False,True,False,False,False,False,True,False,False,False,False,False,True,False,False,False,True,False,False,False,False,False,False
EMP107,No,30,3,3,1,3,2083,1,20,4,1,1,2,1,0,0,4,0,True,False,True,False,False,False,False,False,False,False,True,False,False,False,False,False,True,False,False,True,True,False,False,True,True,False
EMP108,Yes,45,26,3,2,1,4286,2,14,3,2,5,4,1,0,0,0,3,True,False,False,True,False,False,False,False,False,False,False,True,False,True,False,False,False,False,True,False,True,True,False,False,False,False
EMP109,Yes,20,10,3,1,3,1009,1,11,3,0,1,5,1,1,1,1,3,False,True,True,False,True,False,False,False,False,False,True,False,False,False,True,True,True,False,False,False,False,True,False,False,True,False
EMP110,No,35,3,2,1,3,1281,1,18,3,2,1,3,1,0,0,0,1,False,False,True,False,True,False,True,False,False,False,False,False,False,True,False,False,True,False,False,True,True,False,False,False,True,False
EMP111,No,37,10,4,1,4,4680,3,17,3,0,4,2,1,0,0,5,3,False,True,True,False,True,False,False,False,False,False,True,False,False,False,True,False,True,False,False,True,True,False,True,False,True,False
EMP112,No,38,1,3,3,3,7861,4,14,3,0,10,4,1,0,0,4,2,False,True,True,False,False,False,False,False,True,False,False,False,False,False,True,True,False,False,True,False,False,False,False,False,False,False
EMP113,No,29,10,3,1,3,2642,1,11,3,0,1,6,1,0,0,5,2,False,True,False,True,True,False,False,False,False,False,False,False,True,False,True,False,False,False,False,True,False,False,False,False,False,False
EMP114,No,35,2,3,2,1,5093,2,11,3,1,16,2,1,0,0,0,0,False,False,True,False,False,False,False,False,False,False,False,False,False,False,False,False,False,False,True,True,False,False,False,True,False,True
EMP115,No,38,2,3,1,3,3057,6,13,3,1,6,0,1,0,1,1,0,False,True,True,False,True,False,False,False,False,False,True,False,False,True,False,True,False,False,True,False,False,False,False,True,True,False
EMP116,No,24,9,2,1,2,2694,1,11,3,3,1,4,1,0,0,3,2,False,False,True,False,True,False,True,False,False,False,False,False,False,False,False,False,True,False,False,False,False,False,False,False,False,True
EMP117,Yes,29,1,2,1,1,2319,1,11,3,1,1,1,1,0,0,3,1,False,True,True,False,False,False,True,False,False,False,False,False,False,True,False,True,False,False,True,False,False,False,False,True,False,True
EMP118,No,40,16,2,2,3,5094,6,14,3,0,10,6,1,0,0,2,2,True,False,True,False,True,False,True,False,False,False,False,False,False,False,True,False,False,False,False,False,True,False,True,False,False,True
EMP119,No,45,2,2,1,3,2274,1,14,3,0,1,3,1,0,0,4,3,False,True,True,False,False,False,False,False,False,False,True,False,False,False,True,False,False,False,True,False,True,False,False,True,False,False
EMP120,No,37,16,2,2,3,6334,4,19,3,2,9,2,1,0,0,0,0,False,True,False,True,True,False,False,False,False,False,False,True,False,False,False,False,False,False,False,False,False,False,False,True,False,True
EMP121,Yes,32,25,3,1,4,2795,1,24,4,0,1,2,1,0,1,2,1,False,True,True,False,True,False,True,False,False,False,False,False,False,False,True,True,False,False,False,True,True,True,False,False,False,True
EMP122,Yes,58,2,2,1,4,2380,9,14,3,1,3,3,1,0,0,0,2,True,False,True,False,True,False,True,False,False,False,False,False,False,False,False,True,False,True,False,False,True,False,True,False,False,False
EMP123,No,43,8,3,2,2,4765,4,21,4,1,4,2,1,0,0,3,3,False,True,True,False,False,False,False,False,True,False,False,False,False,False,False,False,False,False,True,False,False,True,False,False,True,False
EMP124,Yes,21,18,3,1,4,2693,1,19,3,0,1,3,1,0,0,4,0,False,True,True,False,False,False,False,False,False,False,True,False,False,False,True,False,False,False,True,True,False,False,False,True,False,True
EMP125,No,27,4,3,1,3,2318,1,19,3,0,1,2,1,0,0,4,3,False,True,True,False,False,False,False,False,False,False,True,False,False,False,True,False,False,False,False,False,True,True,False,False,True,False
EMP126,No,34,10,3,1,2,2008,1,14,3,2,1,3,1,1,0,4,1,False,True,True,False,True,False,True,False,False,False,False,False,False,False,False,False,False,False,False,True,False,False,False,True,True,False
EMP127,Yes,25,19,2,1,2,2413,1,18,3,3,1,2,1,0,0,5,3,False,True,False,True,True,False,False,False,False,False,False,False,True,True,False,True,False,False,True,True,True,False,False,True,True,False
EMP128,No,40,10,2,3,2,9705,2,12,3,1,11,2,1,0,0,4,2,False,True,False,True,True,False,False,False,False,False,False,True,False,False,False,False,False,False,True,False,False,False,False,False,True,False
EMP129,Yes,19,21,2,1,2,2121,1,13,3,0,1,3,1,0,0,2,0,False,True,False,True,True,False,False,False,False,False,False,False,True,False,True,True,False,True,False,False,False,False,True,False,False,False
EMP130,Yes,20,4,3,1,1,2973,1,19,3,0,1,2,1,0,0,0,1,False,True,True,False,True,False,True,False,False,False,False,False,False,False,True,False,True,False,False,False,True,False,False,False,False,False
EMP131,No,40,9,3,1,2,3617,8,14,3,1,3,2,1,0,0,2,0,True,False,True,False,True,False,False,False,False,False,True,False,False,False,False,True,True,False,False,True,False,False,True,False,False,False
EMP132,Yes,58,2,3,1,3,2479,4,24,4,0,7,4,1,0,0,4,2,False,True,True,False,True,False,False,False,False,False,True,False,False,False,True,False,True,False,False,True,True,False,False,True,False,False
EMP133,Yes,40,24,4,4,2,13194,4,16,3,0,22,2,1,0,0,4,3,False,False,False,True,False,False,False,False,False,False,False,True,False,False,True,True,True,False,False,False,True,False,True,False,True,False
EMP134,Yes,20,11,2,1,1,2600,1,15,3,0,1,2,1,0,0,0,2,False,True,True,False,False,False,False,False,False,False,True,False,False,False,True,True,True,False,False,False,True,True,False,False,True,False
EMP135,No,42,5,3,5,3,18303,6,13,3,0,21,3,1,0,0,4,2,False,True,False,True,True,False,False,True,False,False,False,False,False,True,False,False,True,False,False,True,False,False,False,False,False,True
EMP136,No,50,9,3,1,4,2380,4,18,3,0,8,5,1,0,0,3,0,False,True,True,False,True,False,True,False,False,False,False,False,False,True,False,False,True,False,False,True,False,False,False,True,True,False
EMP137,Yes,37,11,1,2,2,4777,5,15,3,0,15,2,1,0,0,2,0,False,True,True,False,False,False,False,False,False,False,False,False,False,True,False,False,False,False,True,False,False,False,True,False,True,False
EMP138,No,38,3,3,2,4,6861,8,12,3,0,19,1,1,0,0,1,1,False,True,False,True,True,False,False,False,False,False,False,True,False,False,True,True,False,True,False,True,False,False,True,False,False,False
EMP139,Yes,36,15,3,2,3,4834,7,14,3,1,9,3,1,0,0,4,2,False,True,True,False,True,False,True,False,False,False,False,False,False,False,False,False,True,False,False,False,True,False,False,True,True,False
EMP140,No,34,10,3,1,3,2220,1,19,3,1,1,2,1,0,0,0,3,False,True,False,True,False,False,False,False,False,False,False,False,True,True,False,True,False,False,True,False,True,False,False,False,True,False
EMP141,No,28,10,3,1,2,1052,1,22,4,0,1,5,1,0,0,0,0,False,True,False,True,True,False,False,False,False,False,False,False,True,True,False,False,False,False,True,True,True,False,False,False,False,False
EMP142,No,43,25,2,3,4,10798,5,13,3,1,18,5,1,0,0,4,2,False,True,False,True,True,False,False,False,False,False,False,True,False,False,False,False,False,False,True,False,False,False,False,True,False,True
EMP143,Yes,21,10,2,1,1,1416,1,13,3,0,1,6,1,1,0,1,1,False,True,True,False,False,False,True,False,False,False,False,False,False,False,True,False,False,False,False,False,True,False,True,False,False,False
EMP144,No,37,10,2,2,4,6694,2,14,3,3,8,5,1,0,0,3,2,False,True,False,True,False,False,False,False,False,False,False,True,False,False,False,True,False,False,True,True,True,False,True,False,False,True
EMP145,Yes,26,21,3,1,3,2377,1,20,4,1,1,0,1,0,0,0,0,False,True,True,False,True,False,True,False,False,False,False,False,False,False,False,False,False,False,False,False,False,False,False,True,True,False
EMP146,Yes,28,1,2,1,2,2596,1,15,3,2,1,2,1,0,0,0,2,True,False,True,False,True,False,True,False,False,False,False,False,False,False,False,False,False,True,False,True,False,False,True,False,False,False
EMP147,No,38,2,3,3,2,7351,7,16,3,0,10,2,1,0,0,3,0,False,True,False,True,True,False,False,False,False,False,False,True,False,False,True,False,False,False,False,True,False,False,True,False,False,True
EMP148,No,42,29,1,2,4,4272,4,19,3,0,16,3,1,0,0,0,1,False,True,True,False,True,False,True,False,False,False,False,False,False,False,True,False,False,False,True,True,False,False,False,True,True,False
EMP149,No,41,12,3,1,4,4766,3,11,3,1,6,4,1,0,0,1,0,False,True,True,False,True,False,True,False,False,False,False,False,False,True,False,True,False,False,False,False,False,False,True,False,True,False
EMP150,Yes,28,12,3,1,4,2515,1,11,3,0,1,4,1,0,0,4,1,False,True,True,False,False,False,True,False,False,False,False,False,False,True,False,True,False,False,True,False,True,True,False,False,True,False
EMP151,No,40,26,2,2,4,4422,3,13,3,1,16,3,1,0,0,5,3,True,False,True,False,False,False,False,False,False,False,True,False,False,True,False,True,True,False,False,True,False,False,True,False,False,True
EMP152,No,32,2,3,1,1,2827,1,12,3,3,1,3,1,0,0,4,0,False,False,False,True,False,False,False,False,False,False,False,False,True,False,False,False,False,False,True,False,False,True,False,False,True,False
EMP153,No,19,9,3,1,1,2552,1,25,4,0,1,4,1,0,0,5,1,False,True,True,False,True,False,False,False,False,False,True,False,False,False,True,False,False,False,True,True,True,False,False,True,False,False
EMP154,Yes,41,5,2,1,1,2107,6,17,3,1,5,2,1,0,0,0,3,False,False,True,False,True,False,False,False,False,False,True,False,False,False,False,False,False,False,False,True,True,True,False,False,False,False
EMP155,Yes,24,17,3,1,2,2210,1,13,3,1,1,3,1,0,0,5,3,False,True,True,False,False,False,True,False,False,False,False,False,False,True,False,False,False,False,True,False,False,False,False,True,True,False
EMP156,No,42,26,3,3,1,13191,3,17,3,0,20,6,1,0,0,1,3,True,False,True,False,False,False,False,False,False,True,False,False,False,True,False,True,True,False,False,False,False,False,True,False,False,True
EMP157,Yes,19,10,2,1,2,1859,1,25,4,0,1,2,1,0,0,1,1,False,False,True,False,False,False,False,False,False,False,True,False,False,False,True,True,True,False,False,False,True,False,False,True,False,True
EMP158,No,49,4,2,5,3,18711,2,13,3,1,23,2,1,0,0,4,1,False,True,True,False,True,False,False,True,False,False,False,False,False,True,False,False,False,False,True,False,False,False,True,False,False,False
EMP159,No,48,2,4,1,2,2559,5,11,3,0,7,4,1,0,0,3,0,False,True,True,False,True,False,True,False,False,False,False,False,False,False,True,False,True,False,False,False,False,False,True,False,False,True
EMP160,No,48,1,2,5,4,18265,6,12,3,0,25,3,1,0,0,5,0,False,True,True,False,True,False,False,False,False,True,False,False,False,False,True,False,True,False,False,True,True,False,False,True,False,True
EMP161,No,34,20,4,1,3,2585,0,17,3,0,2,5,1,0,0,5,2,False,True,True,False,False,False,False,False,False,False,True,False,False,True,False,False,False,False,False,True,True,False,True,False,True,False
EMP162,No,19,25,4,1,4,2994,1,12,3,0,1,2,1,0,1,3,0,False,True,True,False,False,False,False,False,False,False,True,False,False,False,True,True,False,False,True,True,False,False,False,True,False,False
EMP163,No,23,1,3,1,3,1223,1,22,4,1,1,2,1,0,1,2,1,False,True,True,False,True,False,False,False,False,False,True,False,False,True,False,False,True,False,False,False,True,False,False,False,True,False
EMP164,Yes,25,24,1,1,4,1118,1,14,3,0,1,4,1,1,0,0,1,True,False,False,True,True,False,False,False,False,False,False,False,True,False,True,True,False,True,False,False,False,False,False,True,True,False
EMP165,No,42,7,4,2,2,2372,6,16,3,0,18,2,1,0,0,5,3,False,True,True,False,False,False,False,False,False,False,True,False,False,True,False,True,False,False,False,True,True,False,False,True,True,False
EMP166,No,27,11,4,1,4,2534,8,14,3,1,5,4,1,0,0,2,1,False,True,False,True,False,False,False,False,False,False,False,False,True,True,False,False,False,False,True,False,True,True,False,False,False,False
EMP167,Yes,31,2,2,1,4,2785,7,14,3,0,3,3,1,0,0,1,1,True,False,False,True,False,False,False,False,False,False,False,False,True,False,True,False,False,False,False,True,False,False,True,False,False,False
EMP168,Yes,31,1,1,1,3,1359,1,12,3,0,1,3,1,0,0,0,1,True,False,False,True,False,False,False,False,False,False,False,False,True,False,True,False,True,False,False,True,True,False,True,False,False,True
EMP169,Yes,31,8,2,1,2,1261,1,12,3,0,1,3,1,0,0,5,2,False,True,True,False,False,False,False,False,False,False,True,False,False,False,True,False,True,False,False,True,True,True,False,False,False,False
EMP170,Yes,39,2,2,1,1,3646,2,23,4,0,11,2,1,0,0,4,3,False,False,True,False,False,False,True,False,False,False,False,False,False,False,True,True,False,True,False,True,True,False,False,True,False,False
EMP171,No,44,1,3,2,3,4768,7,12,3,1,11,4,1,0,0,0,2,True,False,False,True,False,False,False,False,False,False,False,True,False,True,False,False,True,False,False,False,False,True,False,False,False,False
EMP172,No,30,7,3,1,3,1274,1,13,3,2,1,2,1,0,0,4,1,False,False,True,False,True,False,False,False,False,False,True,False,False,False,False,False,False,False,True,True,False,False,True,False,False,False
EMP173,No,35,7,3,1,3,2404,1,13,3,1,1,3,1,0,0,4,3,False,True,False,True,True,False,False,False,False,False,False,False,True,True,False,False,False,True,False,False,True,False,False,False,False,False
EMP174,No,24,13,3,1,2,2033,1,13,3,1,1,2,1,0,0,4,1,False,False,False,True,False,False,False,False,False,False,False,False,True,True,False,False,False,True,False,False,True,False,True,False,True,False
EMP175,No,28,1,2,1,3,1563,1,14,3,1,1,2,1,0,0,4,3,False,True,True,False,True,False,False,False,False,False,True,False,False,False,False,False,False,False,False,False,False,True,False,False,False,False
EMP176,No,42,2,2,1,2,4841,4,14,3,1,4,3,1,0,0,5,1,False,True,True,False,True,False,True,False,False,False,False,False,False,True,False,False,False,False,True,True,True,False,False,True,False,False
EMP177,No,24,21,2,1,1,2296,0,14,3,3,2,3,1,0,0,4,3,False,True,True,False,True,False,True,False,False,False,False,False,False,False,False,False,False,False,True,True,False,False,False,False,True,False
EMP178,No,29,9,4,1,3,2451,6,18,3,2,5,2,1,0,0,3,1,False,True,True,False,True,False,False,False,False,False,True,False,False,True,False,False,True,False,False,False,True,True,False,False,False,False
EMP179,Yes,35,2,3,1,1,2074,1,12,3,1,1,2,1,0,0,3,3,False,True,True,False,False,False,True,False,False,False,False,False,False,False,False,True,False,True,False,False,False,True,False,False,True,False
EMP180,No,34,7,3,1,4,2972,1,13,3,0,1,4,1,0,0,2,0,False,True,True,False,True,False,False,False,False,False,True,False,False,False,True,False,False,False,True,False,False,True,False,False,True,False
EMP181,No,26,3,3,1,4,2061,1,21,4,0,1,5,1,0,0,2,2,False,True,True,False,False,False,False,False,False,False,True,False,False,True,False,False,True,False,False,True,False,False,False,True,False,False
EMP182,No,36,1,3,2,3,6815,6,13,3,0,15,5,1,0,0,5,0,False,True,False,True,False,False,False,False,False,False,False,True,False,False,True,False,False,False,True,True,False,False,False,True,False,True
EMP183,No,50,9,3,5,3,19331,4,16,3,1,27,2,1,0,0,4,1,False,True,False,True,True,False,False,True,False,False,False,False,False,True,False,True,False,True,False,False,True,False,True,False,True,False
EMP184,No,42,9,2,5,4,19613,8,22,4,0,24,2,1,0,1,1,1,False,True,True,False,True,False,False,True,False,False,False,False,False,False,True,False,False,False,False,False,True,False,False,False,False,False
EMP185,No,35,7,2,1,4,2690,1,18,3,1,1,5,1,0,1,1,0,False,True,True,False,True,False,True,False,False,False,False,False,False,True,False,False,False,False,False,True,False,False,True,False,False,False
EMP186,Yes,28,24,3,1,2,2408,1,17,3,3,1,3,1,0,0,1,1,False,True,True,False,True,False,True,False,False,False,False,False,False,True,False,True,False,False,False,True,True,False,True,False,True,False
EMP187,Yes,32,2,3,1,2,1393,1,12,3,0,1,2,1,0,0,4,0,False,True,True,False,True,False,True,False,False,False,False,False,False,False,True,False,True,False,False,False,True,False,False,True,True,False
EMP188,No,60,1,1,3,4,10883,3,20,4,1,19,2,1,0,0,1,1,False,True,True,False,True,False,False,False,False,False,False,False,False,False,False,False,False,False,False,False,False,False,True,False,False,False
EMP189,Yes,24,22,1,1,3,1555,1,11,3,1,1,2,1,0,0,1,2,False,True,False,False,True,True,False,False,False,False,False,False,False,True,False,False,False,True,False,False,False,False,False,True,True,False
EMP190,No,40,8,3,2,1,6516,2,16,3,1,18,3,1,0,0,0,1,False,True,True,False,False,False,False,False,True,False,False,False,False,True,False,True,False,False,True,False,True,False,True,False,False,False
EMP191,No,47,2,3,2,2,4978,7,11,3,1,4,3,1,0,0,0,0,False,False,False,True,True,False,False,False,False,False,False,True,False,True,False,False,False,False,False,False,False,True,False,False,False,True
EMP192,Yes,31,16,3,3,3,8161,2,13,3,3,10,2,1,0,0,4,3,False,True,False,True,True,False,False,False,False,False,False,True,False,True,False,False,False,False,True,False,True,False,False,False,False,True
EMP193,No,29,4,2,1,1,2109,1,13,3,1,1,2,1,0,0,3,3,False,True,True,False,False,False,False,False,False,False,True,False,False,False,False,False,True,False,False,False,False,False,False,True,True,False
EMP194,No,38,18,1,2,4,5811,3,16,3,1,15,2,1,1,0,2,1,False,True,True,False,True,False,False,False,False,False,False,False,False,True,False,True,False,False,True,True,True,False,False,False,False,True
EMP195,Yes,43,17,2,1,3,2437,9,16,3,1,6,4,1,0,0,3,1,True,False,True,False,True,False,False,False,False,False,True,False,False,True,False,True,False,True,False,False,False,False,False,True,False,False
EMP196,No,55,2,2,5,1,19038,8,12,3,3,34,2,1,0,0,4,1,False,True,True,False,True,False,False,False,False,True,False,False,False,True,False,False,False,True,False,True,True,False,True,False,False,False
EMP197,Yes,21,7,3,1,2,2679,1,13,3,0,1,3,1,1,0,5,2,False,True,False,True,True,False,False,False,False,False,False,False,True,False,True,False,False,True,False,True,True,False,False,False,False,True
EMP198,Yes,22,8,3,1,1,2398,1,17,3,0,1,6,1,0,0,5,3,False,True,True,False,False,False,True,False,False,False,False,False,False,True,False,True,False,False,False,True,True,False,False,False,True,False
EMP199,Yes,31,18,4,1,1,2956,0,17,3,0,2,4,1,0,0,4,1,False,True,False,False,True,True,False,False,False,False,False,False,False,True,False,False,False,False,True,True,True,False,False,True,False,False
EMP200,No,36,2,3,2,2,6962,4,22,4,1,15,2,1,0,0,4,0,False,True,True,False,False,False,False,False,False,False,True,False,False,True,False,True,True,False,False,True,True,False,True,False,False,True
EMP201,No,29,6,2,1,2,2804,1,11,3,0,1,3,1,0,0,1,3,False,True,False,False,True,True,False,False,False,False,False,False,False,True,False,False,False,False,True,True,True,True,False,False,False,True
EMP202,Yes,29,24,2,1,4,2439,1,24,4,0,1,3,1,1,0,3,1,True,False,True,False,True,False,False,False,False,False,True,False,False,False,True,True,True,False,False,False,True,True,False,False,False,True
EMP203,No,28,3,3,1,2,2856,1,19,3,1,1,3,1,0,0,3,2,False,True,False,True,False,False,False,False,False,False,False,False,True,True,False,False,False,False,False,False,True,False,False,False,False,False
EMP204,Yes,30,9,3,1,4,1081,1,13,3,0,1,3,1,0,0,0,0,False,True,False,True,True,False,False,False,False,False,False,False,True,False,True,False,False,False,True,True,False,False,False,False,True,False
EMP205,Yes,22,7,3,1,2,2472,1,23,4,0,1,2,1,0,0,0,1,False,True,True,False,True,False,False,False,False,False,True,False,False,False,True,True,False,False,True,False,False,True,False,False,True,False
EMP206,No,26,1,2,1,3,2933,1,13,3,1,1,3,1,1,0,1,0,False,True,True,False,False,False,False,False,False,False,True,False,False,True,False,True,False,True,False,False,True,True,False,False,False,True
EMP207,Yes,29,24,4,1,1,1091,1,17,3,0,1,3,1,0,0,5,0,True,False,False,True,True,False,False,False,False,False,False,False,True,False,True,False,False,False,True,True,False,True,False,False,False,True
EMP208,No,58,21,3,4,4,17875,4,13,3,1,29,2,1,0,0,2,1,False,True,False,True,False,False,False,True,False,False,False,False,False,True,False,True,False,False,False,True,False,False,True,False,False,True
EMP209,Yes,27,22,2,1,2,2863,1,12,3,0,1,2,1,0,0,3,3,True,False,False,False,False,True,False,False,False,False,False,False,False,True,False,False,False,True,False,False,False,False,True,False,False,True
EMP210,No,38,1,2,1,1,2858,4,14,3,0,20,3,1,0,0,3,1,False,True,False,True,True,False,False,False,False,False,False,False,True,False,True,False,False,False,True,True,False,True,False,False,True,False
EMP211,No,32,5,2,2,4,9679,8,24,4,0,8,1,1,0,0,3,2,False,True,True,False,True,False,False,False,True,False,False,False,False,False,True,False,False,False,False,True,False,True,False,False,False,False
EMP212,No,31,2,1,1,4,1129,1,11,3,3,1,4,1,0,0,4,3,False,True,True,False,False,False,True,False,False,False,False,False,False,False,False,True,False,True,False,False,False,False,True,False,False,False
EMP213,No,33,1,2,1,3,2008,1,12,3,3,1,2,1,0,0,0,1,False,False,True,False,True,False,True,False,False,False,False,False,False,False,False,False,False,True,False,True,True,False,False,True,False,False
EMP214,No,40,1,3,1,4,2406,8,19,3,2,8,3,1,0,0,1,2,False,True,True,False,True,False,True,False,False,False,False,False,False,True,False,False,False,False,True,True,True,False,True,False,True,False
EMP215,Yes,23,9,3,1,1,1790,1,19,3,1,1,3,1,1,0,2,3,True,False,False,True,True,False,False,False,False,False,False,False,True,True,False,False,False,False,True,False,False,False,False,False,True,False
